{
    "MSE": 0.3269784521147545,
    "R2": 0.4996549037410771
}