{
    "MSE": 0.3021208068591839,
    "R2": 0.5376922754018973
}